{
  "chats": [
    {
      "streamId": "1728823734178",
      "username": "hi123",
      "message": "hi",
      "timestamp": "2024-10-13T12:49:52.349Z"
    },
    {
      "streamId": "1728823734178",
      "username": "hello123",
      "message": "ahn",
      "timestamp": "2024-10-13T12:50:01.671Z"
    },
    {
      "streamId": "1728823734178",
      "username": "hi123",
      "message": "hi gulllu",
      "timestamp": "2024-10-13T12:51:03.102Z"
    },
    {
      "streamId": "1728823734178",
      "username": "hi123",
      "message": "ok",
      "timestamp": "2024-10-13T12:51:33.855Z"
    },
    {
      "streamId": "1728823734178",
      "username": "hello123",
      "message": "g",
      "timestamp": "2024-10-13T12:51:52.445Z"
    },
    {
      "streamId": "1728823734178",
      "username": "hello123",
      "message": "g",
      "timestamp": "2024-10-13T12:51:52.812Z"
    },
    {
      "streamId": "1728823734178",
      "username": "hello123",
      "message": "g",
      "timestamp": "2024-10-13T12:51:53.033Z"
    },
    {
      "streamId": "1728823734178",
      "username": "hello123",
      "message": "g",
      "timestamp": "2024-10-13T12:51:53.235Z"
    },
    {
      "streamId": "1728823734178",
      "username": "hello123",
      "message": "g",
      "timestamp": "2024-10-13T12:51:53.608Z"
    },
    {
      "streamId": "1728823734178",
      "username": "hello123",
      "message": "g",
      "timestamp": "2024-10-13T12:51:53.785Z"
    },
    {
      "streamId": "1728823734178",
      "username": "hello123",
      "message": "g",
      "timestamp": "2024-10-13T12:51:54.019Z"
    },
    {
      "streamId": "1728823734178",
      "username": "hello123",
      "message": "g",
      "timestamp": "2024-10-13T12:51:54.231Z"
    },
    {
      "streamId": "1728823734178",
      "username": "hello123",
      "message": "g",
      "timestamp": "2024-10-13T12:51:54.436Z"
    },
    {
      "streamId": "1728823734178",
      "username": "hello123",
      "message": "g",
      "timestamp": "2024-10-13T12:51:54.613Z"
    },
    {
      "streamId": "1728823734178",
      "username": "hello123",
      "message": "g",
      "timestamp": "2024-10-13T12:51:54.827Z"
    },
    {
      "streamId": "1728823734178",
      "username": "hello123",
      "message": "g",
      "timestamp": "2024-10-13T12:51:55.037Z"
    },
    {
      "streamId": "1728823734178",
      "username": "hi123",
      "message": "gg",
      "timestamp": "2024-10-13T13:00:00.139Z"
    },
    {
      "streamId": "1728832538508",
      "username": "hello123",
      "message": "m",
      "timestamp": "2024-10-13T15:24:53.831Z"
    },
    {
      "streamId": "1728832538508",
      "username": "hello123",
      "message": "hi",
      "timestamp": "2024-10-13T17:05:22.296Z"
    },
    {
      "streamId": "1728832538508",
      "username": "hello123",
      "message": "hi",
      "timestamp": "2024-10-13T17:05:26.944Z"
    },
    {
      "streamId": "1728832538508",
      "username": "hi123",
      "message": "helo",
      "timestamp": "2024-10-13T17:05:34.965Z"
    },
    {
      "streamId": "1729326557043",
      "username": "hello123",
      "message": "nhfjfjm",
      "timestamp": "2024-10-19T08:29:41.894Z"
    },
    {
      "streamId": "1729326557043",
      "username": "hi123",
      "message": "yyu",
      "timestamp": "2024-10-19T08:30:58.347Z"
    },
    {
      "streamId": "1728832538508",
      "username": "hi123",
      "message": "hu",
      "timestamp": "2024-10-19T09:07:28.058Z"
    },
    {
      "streamId": "1728832538508",
      "username": "hello123",
      "message": "hi",
      "timestamp": "2024-10-19T09:20:28.974Z"
    },
    {
      "streamId": "1730614779531",
      "username": "bye",
      "message": "hi",
      "timestamp": "2024-11-03T06:37:41.632Z"
    }
  ]
}