{
  "streams": [
    {
      "id": "1728823734178",
      "title": "sample",
      "streamerId": "1728823710094",
      "viewers": [],
      "status": "ended",
      "createdAt": "2024-10-13T12:48:54.178Z"
    },
    {
      "id": "1728832089985",
      "title": "new",
      "streamerId": "1728823710094",
      "viewers": [],
      "createdAt": "2024-10-13T15:08:09.985Z",
      "status": "ended"
    },
    {
      "id": "1728832538508",
      "title": "nothing",
      "streamerId": "1728823710094",
      "viewers": [],
      "createdAt": "2024-10-13T15:15:38.508Z",
      "status": "ended"
    },
    {
      "id": "1729326557043",
      "title": "hello",
      "streamerId": "1728823710094",
      "viewers": [],
      "createdAt": "2024-10-19T08:29:17.043Z"
    },
    {
      "id": "1729328191566",
      "title": "gg",
      "streamerId": "1728823710094",
      "viewers": [],
      "createdAt": "2024-10-19T08:56:31.567Z"
    },
    {
      "id": "1729329696603",
      "title": "bbbbv",
      "streamerId": "1728823710094",
      "viewers": [],
      "createdAt": "2024-10-19T09:21:36.605Z"
    },
    {
      "id": "1730614779531",
      "title": "roar",
      "streamerId": "1730614758877",
      "viewers": [],
      "createdAt": "2024-11-03T06:19:39.531Z"
    }
  ]
}